Topic,Label,Word,Weight
0,0_قصف_طيران_غز_حربي,قصف,0.03706548342108481
0,0_قصف_طيران_غز_حربي,طيران,0.03218926983890867
0,0_قصف_طيران_غز_حربي,غز,0.0308606140361717
0,0_قصف_طيران_غز_حربي,حربي,0.030248436292065892
0,0_قصف_طيران_غز_حربي,منزل,0.02917862227928567
0,0_قصف_طيران_غز_حربي,قطاع,0.02531349293114367
0,0_قصف_طيران_غز_حربي,عائل,0.024738762472297317
0,0_قصف_طيران_غز_حربي,إسرائيلي,0.02388854407087868
0,0_قصف_طيران_غز_حربي,قتل,0.023252619130952824
0,0_قصف_طيران_غز_حربي,مدين,0.016990058145945782
1,1_قاضي_ال_لبناني_عام,قاضي,0.01718896538573779
1,1_قاضي_ال_لبناني_عام,ال,0.016018985912228115
1,1_قاضي_ال_لبناني_عام,لبناني,0.015477741581347548
1,1_قاضي_ال_لبناني_عام,عام,0.01464515434023232
1,1_قاضي_ال_لبناني_عام,شكوى,0.014640528592488097
1,1_قاضي_ال_لبناني_عام,خلف,0.01375619521002217
1,1_قاضي_ال_لبناني_عام,مقدم,0.013495378317142221
1,1_قاضي_ال_لبناني_عام,رئيس,0.012721464799052984
1,1_قاضي_ال_لبناني_عام,محامي,0.01269816442132608
1,1_قاضي_ال_لبناني_عام,قدح,0.011876280545273652
2,2_تحقيق_جهاز_ساعي_مع,تحقيق,0.019792030790092268
2,2_تحقيق_جهاز_ساعي_مع,جهاز,0.018537957036218616
2,2_تحقيق_جهاز_ساعي_مع,ساعي,0.018157243911853183
2,2_تحقيق_جهاز_ساعي_مع,مع,0.015832670727665976
2,2_تحقيق_جهاز_ساعي_مع,أمن,0.015538096687323144
2,2_تحقيق_جهاز_ساعي_مع,ال,0.01530396828307892
2,2_تحقيق_جهاز_ساعي_مع,يوم,0.015032070506741631
2,2_تحقيق_جهاز_ساعي_مع,مخابر,0.014244884359745191
2,2_تحقيق_جهاز_ساعي_مع,مقر,0.013070084024414765
2,2_تحقيق_جهاز_ساعي_مع,شرط,0.012806025942762839
3,3_محكم_قرر_تهمة_جلس,محكم,0.04912778972038063
3,3_محكم_قرر_تهمة_جلس,قرر,0.029614828770036197
3,3_محكم_قرر_تهمة_جلس,تهمة,0.02866834216793905
3,3_محكم_قرر_تهمة_جلس,جلس,0.028336826932600694
3,3_محكم_قرر_تهمة_جلس,تأجيل,0.028097045980737624
3,3_محكم_قرر_تهمة_جلس,مقبل,0.025268916496780126
3,3_محكم_قرر_تهمة_جلس,صلح,0.025165869748290912
3,3_محكم_قرر_تهمة_جلس,اعتقال,0.0215158840756242
3,3_محكم_قرر_تهمة_جلس,محامي,0.019576689084612048
3,3_محكم_قرر_تهمة_جلس,قضي,0.018560979702798668
4,4_منزل_اعتقل_اقتحم_وا,منزل,0.03966795316652167
4,4_منزل_اعتقل_اقتحم_وا,اعتقل,0.038368717497729715
4,4_منزل_اعتقل_اقتحم_وا,اقتحم,0.02673383631793727
4,4_منزل_اعتقل_اقتحم_وا,وا,0.02564624753935303
4,4_منزل_اعتقل_اقتحم_وا,شقيق,0.023522607146287476
4,4_منزل_اعتقل_اقتحم_وا,قو,0.023452029887131222
4,4_منزل_اعتقل_اقتحم_وا,اعتقال,0.021965876156181677
4,4_منزل_اعتقل_اقتحم_وا,مجهول,0.018645840412909252
4,4_منزل_اعتقل_اقتحم_وا,تفتيش,0.018140341967391782
4,4_منزل_اعتقل_اقتحم_وا,احتلال,0.01807470993278225
5,5_معدني_مواجه_رصاص_أصاب,معدني,0.03509207826338959
5,5_معدني_مواجه_رصاص_أصاب,مواجه,0.03496975925510623
5,5_معدني_مواجه_رصاص_أصاب,رصاص,0.03429992074296076
5,5_معدني_مواجه_رصاص_أصاب,أصاب,0.02914675697334809
5,5_معدني_مواجه_رصاص_أصاب,جندي,0.027688667535975233
5,5_معدني_مواجه_رصاص_أصاب,غطى,0.025948950533250574
5,5_معدني_مواجه_رصاص_أصاب,بين,0.024880345416734742
5,5_معدني_مواجه_رصاص_أصاب,اندلع,0.024421114442379863
5,5_معدني_مواجه_رصاص_أصاب,قو,0.02366011238696211
5,5_معدني_مواجه_رصاص_أصاب,استهدف,0.022156410001576428
6,6_ضرب_شاب_نا_وا,ضرب,0.022926009940265897
6,6_ضرب_شاب_نا_وا,شاب,0.02165428588842448
6,6_ضرب_شاب_نا_وا,نا,0.019221305690615895
6,6_ضرب_شاب_نا_وا,وا,0.018892575924182385
6,6_ضرب_شاب_نا_وا,عنصر,0.01825651764756081
6,6_ضرب_شاب_نا_وا,سيار,0.015406271033491403
6,6_ضرب_شاب_نا_وا,منع,0.014406638574928837
6,6_ضرب_شاب_نا_وا,مركز,0.014402468991555461
6,6_ضرب_شاب_نا_وا,اعتدى,0.01434605514764253
6,6_ضرب_شاب_نا_وا,ال,0.014256074109603625
7,7_نقاب_أردني_مجلس_ين,نقاب,0.02715380507484458
7,7_نقاب_أردني_مجلس_ين,أردني,0.024742386860440103
7,7_نقاب_أردني_مجلس_ين,مجلس,0.018802004939962848
7,7_نقاب_أردني_مجلس_ين,ين,0.0184078506822909
7,7_نقاب_أردني_مجلس_ين,صحيفة,0.01652652382853075
7,7_نقاب_أردني_مجلس_ين,ال,0.016416109739979978
7,7_نقاب_أردني_مجلس_ين,ها,0.015942225638214756
7,7_نقاب_أردني_مجلس_ين,ات,0.015920429936976944
7,7_نقاب_أردني_مجلس_ين,قانون,0.015194596075217835
7,7_نقاب_أردني_مجلس_ين,أن,0.01271609766485215
8,8_حمل_تحريض_لي_تهديد,حمل,0.023287662307856248
8,8_حمل_تحريض_لي_تهديد,تحريض,0.022125127806598973
8,8_حمل_تحريض_لي_تهديد,لي,0.021791439548646537
8,8_حمل_تحريض_لي_تهديد,تهديد,0.019185635135572556
8,8_حمل_تحريض_لي_تهديد,ها,0.018887848978053023
8,8_حمل_تحريض_لي_تهديد,تخوين,0.018377621123575875
8,8_حمل_تحريض_لي_تهديد,تعرض,0.015809190539931694
8,8_حمل_تحريض_لي_تهديد,صادق,0.014424534608259014
8,8_حمل_تحريض_لي_تهديد,قنا,0.01384300187780624
8,8_حمل_تحريض_لي_تهديد,صورة,0.013648762129042607
9,9_نا_جندي_مكان_غطى,نا,0.0243419139097185
9,9_نا_جندي_مكان_غطى,جندي,0.022494233963825386
9,9_نا_جندي_مكان_غطى,مكان,0.018004719095096596
9,9_نا_جندي_مكان_غطى,غطى,0.016128789854343285
9,9_نا_جندي_مكان_غطى,ال,0.015748382744649146
9,9_نا_جندي_مكان_غطى,تصوير,0.014669251846180757
9,9_نا_جندي_مكان_غطى,منطق,0.014574205569885887
9,9_نا_جندي_مكان_غطى,إسرائيلي,0.013904669283767601
9,9_نا_جندي_مكان_غطى,وا,0.013612846862790549
9,9_نا_جندي_مكان_غطى,قام,0.013221345713405892
10,10_مسير_عود_ثني_أصاب,مسير,0.04854485822732848
10,10_مسير_عود_ثني_أصاب,عود,0.04632456565775595
10,10_مسير_عود_ثني_أصاب,ثني,0.03878462614149383
10,10_مسير_عود_ثني_أصاب,أصاب,0.03414612426873296
10,10_مسير_عود_ثني_أصاب,شرق,0.0321629169005658
10,10_مسير_عود_ثني_أصاب,غاز,0.029746354704319126
10,10_مسير_عود_ثني_أصاب,رصاص,0.02656739115076273
10,10_مسير_عود_ثني_أصاب,قنبل,0.026415482047966555
10,10_مسير_عود_ثني_أصاب,غطى,0.025119097938725295
10,10_مسير_عود_ثني_أصاب,جمع,0.023979306947475656
11,11_سوري_ناشط_إعلامي_حسب,سوري,0.050036938234258324
11,11_سوري_ناشط_إعلامي_حسب,ناشط,0.027628752109494274
11,11_سوري_ناشط_إعلامي_حسب,إعلامي,0.026157244202042965
11,11_سوري_ناشط_إعلامي_حسب,حسب,0.02587116975258599
11,11_سوري_ناشط_إعلامي_حسب,هيئ,0.02533534652910622
11,11_سوري_ناشط_إعلامي_حسب,رابط,0.024621811474132272
11,11_سوري_ناشط_إعلامي_حسب,ريف,0.024120210718724142
11,11_سوري_ناشط_إعلامي_حسب,نظام,0.022143524497361722
11,11_سوري_ناشط_إعلامي_حسب,شام,0.021984326568806924
11,11_سوري_ناشط_إعلامي_حسب,اعتقل,0.02152507693709177
12,12_طاقم_مصور_حساب_دخول,طاقم,0.027015020176961908
12,12_طاقم_مصور_حساب_دخول,مصور,0.026387676028905134
12,12_طاقم_مصور_حساب_دخول,حساب,0.02542831166487507
12,12_طاقم_مصور_حساب_دخول,دخول,0.024702833047660282
12,12_طاقم_مصور_حساب_دخول,مراسل,0.02059751191190388
12,12_طاقم_مصور_حساب_دخول,ضم,0.01891481195712815
12,12_طاقم_مصور_حساب_دخول,قنا,0.01885329852620271
12,12_طاقم_مصور_حساب_دخول,تويتر,0.01796394948640224
12,12_طاقم_مصور_حساب_دخول,طولكرم,0.017646654503636085
12,12_طاقم_مصور_حساب_دخول,ين,0.016615308207087537
13,13_سوري_ريف_رابط_حسب,سوري,0.06151647771158716
13,13_سوري_ريف_رابط_حسب,ريف,0.03756828654580303
13,13_سوري_ريف_رابط_حسب,رابط,0.033468699693110074
13,13_سوري_ريف_رابط_حسب,حسب,0.029805445098312712
13,13_سوري_ريف_رابط_حسب,نظام,0.029259938653592624
13,13_سوري_ريف_رابط_حسب,إعلامي,0.02888911213672403
13,13_سوري_ريف_رابط_حسب,خبر,0.02886782024471607
13,13_سوري_ريف_رابط_حسب,إدلب,0.027483758408951557
13,13_سوري_ريف_رابط_حسب,صحفي,0.023707014838847375
13,13_سوري_ريف_رابط_حسب,إصاب,0.02268537384307714
14,14_فيلم_عرض_حفل_لجن,فيلم,0.05148405050473113
14,14_فيلم_عرض_حفل_لجن,عرض,0.02830502431010396
14,14_فيلم_عرض_حفل_لجن,حفل,0.02370420129496796
14,14_فيلم_عرض_حفل_لجن,لجن,0.017930427172863785
14,14_فيلم_عرض_حفل_لجن,ال,0.016739408102815947
14,14_فيلم_عرض_حفل_لجن,فنان,0.014867763137902378
14,14_فيلم_عرض_حفل_لجن,عام,0.014384151589614319
14,14_فيلم_عرض_حفل_لجن,مهرجان,0.01331362030012748
14,14_فيلم_عرض_حفل_لجن,ها,0.013282719061658033
14,14_فيلم_عرض_حفل_لجن,خلق,0.013131856153126035
15,15_نا_رصاص_جراف_زميل,نا,0.038803367351864314
15,15_نا_رصاص_جراف_زميل,رصاص,0.021987639234351604
15,15_نا_رصاص_جراف_زميل,جراف,0.01867034573681703
15,15_نا_رصاص_جراف_زميل,زميل,0.01824302845542629
15,15_نا_رصاص_جراف_زميل,طاقم,0.016160534326608897
15,15_نا_رصاص_جراف_زميل,سيار,0.01527039027745654
15,15_نا_رصاص_جراف_زميل,ضم,0.014106944435812476
15,15_نا_رصاص_جراف_زميل,ال,0.013186302952643733
15,15_نا_رصاص_جراف_زميل,مصور,0.012887432843953973
15,15_نا_رصاص_جراف_زميل,ين,0.012238034465460963
16,16_جزير_مصور_نا_جندي,جزير,0.029416367561803606
16,16_جزير_مصور_نا_جندي,مصور,0.026055266837961298
16,16_جزير_مصور_نا_جندي,نا,0.025852098749658815
16,16_جزير_مصور_نا_جندي,جندي,0.02533211341447007
16,16_جزير_مصور_نا_جندي,مراسل,0.023459836001714703
16,16_جزير_مصور_نا_جندي,سيار,0.023179410046815653
16,16_جزير_مصور_نا_جندي,رصاص,0.022267443039477947
16,16_جزير_مصور_نا_جندي,بحش,0.02148225360509913
16,16_جزير_مصور_نا_جندي,طاقم,0.0205812189149734
16,16_جزير_مصور_نا_جندي,دهس,0.01983718938831685
17,17_مكتب_غز_تدمير_برج,مكتب,0.03510304415679329
17,17_مكتب_غز_تدمير_برج,غز,0.025231612964127362
17,17_مكتب_غز_تدمير_برج,تدمير,0.024655546899322974
17,17_مكتب_غز_تدمير_برج,برج,0.024134489321421357
17,17_مكتب_غز_تدمير_برج,شرك,0.022714063141681055
17,17_مكتب_غز_تدمير_برج,دمر,0.01859993263822638
17,17_مكتب_غز_تدمير_برج,ال,0.017818224943755522
17,17_مكتب_غز_تدمير_برج,إذاع,0.017257905729866418
17,17_مكتب_غز_تدمير_برج,قصف,0.01677120831616074
17,17_مكتب_غز_تدمير_برج,ضرر,0.016460400849901472
18,18_غاز_أصاب_مسير_قنبل,غاز,0.03809955440725585
18,18_غاز_أصاب_مسير_قنبل,أصاب,0.036658301488913886
18,18_غاز_أصاب_مسير_قنبل,مسير,0.03664432270111349
18,18_غاز_أصاب_مسير_قنبل,قنبل,0.03603249145452395
18,18_غاز_أصاب_مسير_قنبل,ثني,0.03468927495342252
18,18_غاز_أصاب_مسير_قنبل,عود,0.032911363802016494
18,18_غاز_أصاب_مسير_قنبل,رصاص,0.03070308397232105
18,18_غاز_أصاب_مسير_قنبل,شرق,0.03035324698570194
18,18_غاز_أصاب_مسير_قنبل,يمنى,0.028274345358318565
18,18_غاز_أصاب_مسير_قنبل,غطى,0.0201172013367777
19,19_نا_رصاص_مدين_سيار,نا,0.029125957442016254
19,19_نا_رصاص_مدين_سيار,رصاص,0.02437026971854757
19,19_نا_رصاص_مدين_سيار,مدين,0.018271827865429874
19,19_نا_رصاص_مدين_سيار,سيار,0.017921924810633157
19,19_نا_رصاص_مدين_سيار,اقتحام,0.017864526503104394
19,19_نا_رصاص_مدين_سيار,مراسل,0.016675943333016096
19,19_نا_رصاص_مدين_سيار,إسرائيلي,0.016116334193132593
19,19_نا_رصاص_مدين_سيار,مكان,0.016008654380280266
19,19_نا_رصاص_مدين_سيار,خانيونس,0.01539750694576927
19,19_نا_رصاص_مدين_سيار,حي,0.01530149714408235
20,20_حبس_أردني_طه_محكم,حبس,0.03373000848279656
20,20_حبس_أردني_طه_محكم,أردني,0.03268273169495314
20,20_حبس_أردني_طه_محكم,طه,0.029119186907549378
20,20_حبس_أردني_طه_محكم,محكم,0.026094659728188172
20,20_حبس_أردني_طه_محكم,قرار,0.02554792471891018
20,20_حبس_أردني_طه_محكم,نشر,0.0248763567506624
20,20_حبس_أردني_طه_محكم,عمان,0.02362238173854917
20,20_حبس_أردني_طه_محكم,زعبي,0.02125752624544594
20,20_حبس_أردني_طه_محكم,حكم,0.020717102186385637
20,20_حبس_أردني_طه_محكم,عام,0.018887606029364318
21,21_كردي_ديموقراطي_ذاتي_سوريا,كردي,0.046008642946838256
21,21_كردي_ديموقراطي_ذاتي_سوريا,ديموقراطي,0.03422450024620856
21,21_كردي_ديموقراطي_ذاتي_سوريا,ذاتي,0.03277402927911091
21,21_كردي_ديموقراطي_ذاتي_سوريا,سوريا,0.03258730701719842
21,21_كردي_ديموقراطي_ذاتي_سوريا,قامشلي,0.031245158173959793
21,21_كردي_ديموقراطي_ذاتي_سوريا,حزب,0.028885959126200685
21,21_كردي_ديموقراطي_ذاتي_سوريا,اتحاد,0.026333706535586414
21,21_كردي_ديموقراطي_ذاتي_سوريا,تابع,0.021481092670422586
21,21_كردي_ديموقراطي_ذاتي_سوريا,حسب,0.02062266819256332
21,21_كردي_ديموقراطي_ذاتي_سوريا,إدار,0.02006292968954843
22,22_حساب_فايسبوك_محتوى_تقييد,حساب,0.054677532006238615
22,22_حساب_فايسبوك_محتوى_تقييد,فايسبوك,0.04603690263546205
22,22_حساب_فايسبوك_محتوى_تقييد,محتوى,0.02879058491691879
22,22_حساب_فايسبوك_محتوى_تقييد,تقييد,0.028084463444309347
22,22_حساب_فايسبوك_محتوى_تقييد,إغلاق,0.02504926652844998
22,22_حساب_فايسبوك_محتوى_تقييد,حذف,0.0238699327336827
22,22_حساب_فايسبوك_محتوى_تقييد,إدار,0.023575554880654527
22,22_حساب_فايسبوك_محتوى_تقييد,نشر,0.023107411550978316
22,22_حساب_فايسبوك_محتوى_تقييد,فيديو,0.020586059663554996
22,22_حساب_فايسبوك_محتوى_تقييد,فلسطيني,0.019964655789188216
23,23_مستوطن_وا_دفع_علي,مستوطن,0.031761691516825855
23,23_مستوطن_وا_دفع_علي,وا,0.02281226877748828
23,23_مستوطن_وا_دفع_علي,دفع,0.021936104633263044
23,23_مستوطن_وا_دفع_علي,علي,0.018882485773720863
23,23_مستوطن_وا_دفع_علي,ضرب,0.018447484296623812
23,23_مستوطن_وا_دفع_علي,عنصر,0.017709807598382324
23,23_مستوطن_وا_دفع_علي,باب,0.017176428562445115
23,23_مستوطن_وا_دفع_علي,شرط,0.017152862992716695
23,23_مستوطن_وا_دفع_علي,اعتدى,0.01656719986679051
23,23_مستوطن_وا_دفع_علي,مصور,0.015587334217362596
24,24_صحيف_فرصة_نا_خدم,صحيف,0.08053939542699386
24,24_صحيف_فرصة_نا_خدم,فرصة,0.05991749239711516
24,24_صحيف_فرصة_نا_خدم,نا,0.055675118632154685
24,24_صحيف_فرصة_نا_خدم,خدم,0.052140348037695454
24,24_صحيف_فرصة_نا_خدم,جوردان,0.04594632458018738
24,24_صحيف_فرصة_نا_خدم,عامل,0.045863034084996354
24,24_صحيف_فرصة_نا_خدم,أنقذ,0.04579862465144457
24,24_صحيف_فرصة_نا_خدم,إغلاق,0.044521069002571204
24,24_صحيف_فرصة_نا_خدم,رزق,0.043368146055260695
24,24_صحيف_فرصة_نا_خدم,مجلس,0.04231373615236367
25,25_غلاف_نا_غطى_منطق,غلاف,0.03366439671428913
25,25_غلاف_نا_غطى_منطق,نا,0.032732508963205204
25,25_غلاف_نا_غطى_منطق,غطى,0.029429249651740513
25,25_غلاف_نا_غطى_منطق,منطق,0.028347809226710555
25,25_غلاف_نا_غطى_منطق,طاقم,0.024692754383660965
25,25_غلاف_نا_غطى_منطق,دراوشة,0.023881257704849064
25,25_غلاف_نا_غطى_منطق,مستوطن,0.023399202350863055
25,25_غلاف_نا_غطى_منطق,إسرائيلي,0.023116823652488728
25,25_غلاف_نا_غطى_منطق,ضم,0.022882310009173058
25,25_غلاف_نا_غطى_منطق,خلال,0.0226561648976089
26,26_متظاهر_قوة_قنا_أمني,متظاهر,0.057458709163186975
26,26_متظاهر_قوة_قنا_أمني,قوة,0.052167082124882524
26,26_متظاهر_قوة_قنا_أمني,قنا,0.03843645113309729
26,26_متظاهر_قوة_قنا_أمني,أمني,0.03456828973863823
26,26_متظاهر_قوة_قنا_أمني,فريق,0.03366237370687356
26,26_متظاهر_قوة_قنا_أمني,ين,0.02601503677639535
26,26_متظاهر_قوة_قنا_أمني,مضايق,0.02438323724558873
26,26_متظاهر_قوة_قنا_أمني,مصور,0.02257333063177302
26,26_متظاهر_قوة_قنا_أمني,سلمي,0.021909418643054283
26,26_متظاهر_قوة_قنا_أمني,محتج,0.021470165959029834
27,27_قنبلة_غاز_اختناق_شديد,قنبلة,0.038600495049636724
27,27_قنبلة_غاز_اختناق_شديد,غاز,0.030043543688400124
27,27_قنبلة_غاز_اختناق_شديد,اختناق,0.025748321188363593
27,27_قنبلة_غاز_اختناق_شديد,شديد,0.024333021326240014
27,27_قنبلة_غاز_اختناق_شديد,إصاب,0.022663247242376186
27,27_قنبلة_غاز_اختناق_شديد,أدى,0.02250633676429183
27,27_قنبلة_غاز_اختناق_شديد,مصور,0.022249398915587214
27,27_قنبلة_غاز_اختناق_شديد,علاج,0.021225437390535
27,27_قنبلة_غاز_اختناق_شديد,صوت,0.020523364405042953
27,27_قنبلة_غاز_اختناق_شديد,مقبر,0.01957734490449698
28,28_جندي_ساعي_وا_بيت,جندي,0.026874645842889962
28,28_جندي_ساعي_وا_بيت,ساعي,0.024089765161621916
28,28_جندي_ساعي_وا_بيت,وا,0.021496014606291185
28,28_جندي_ساعي_وا_بيت,بيت,0.02013247908001541
28,28_جندي_ساعي_وا_بيت,ضرب,0.019953393571937372
28,28_جندي_ساعي_وا_بيت,حاجز,0.019214760669794887
28,28_جندي_ساعي_وا_بيت,عسكري,0.01910792849725999
28,28_جندي_ساعي_وا_بيت,قام,0.018940577481469236
28,28_جندي_ساعي_وا_بيت,مستوطن,0.017460153765276456
28,28_جندي_ساعي_وا_بيت,قو,0.01688704579259813
29,29_ضم_طاقم_عابد_قباطية,ضم,0.04799376688037626
29,29_ضم_طاقم_عابد_قباطية,طاقم,0.04569796353533252
29,29_ضم_طاقم_عابد_قباطية,عابد,0.03440053530857704
29,29_ضم_طاقم_عابد_قباطية,قباطية,0.03343789217536218
29,29_ضم_طاقم_عابد_قباطية,مراسل,0.03258089764215747
29,29_ضم_طاقم_عابد_قباطية,مخيم,0.03140107933866463
29,29_ضم_طاقم_عابد_قباطية,عتيق,0.031090772529566733
29,29_ضم_طاقم_عابد_قباطية,قو,0.030539118363828506
29,29_ضم_طاقم_عابد_قباطية,نا,0.029048104300655714
29,29_ضم_طاقم_عابد_قباطية,غطى,0.027619516836925945
30,30_مصور_ضم_طاقم_تلفزيون,مصور,0.03322085206368626
30,30_مصور_ضم_طاقم_تلفزيون,ضم,0.02805538705477343
30,30_مصور_ضم_طاقم_تلفزيون,طاقم,0.028016435045313457
30,30_مصور_ضم_طاقم_تلفزيون,تلفزيون,0.025848765698740835
30,30_مصور_ضم_طاقم_تلفزيون,مراسل,0.02424471679242402
30,30_مصور_ضم_طاقم_تلفزيون,عبد,0.02286031483167338
30,30_مصور_ضم_طاقم_تلفزيون,عابد,0.022259808832305345
30,30_مصور_ضم_طاقم_تلفزيون,غطى,0.02112141324415322
30,30_مصور_ضم_طاقم_تلفزيون,عسكري,0.020961668593698024
30,30_مصور_ضم_طاقم_تلفزيون,ات,0.020499148121380477
31,31_بحش_غاز_دفع_جندي,بحش,0.04208744392998707
31,31_بحش_غاز_دفع_جندي,غاز,0.03511996714594134
31,31_بحش_غاز_دفع_جندي,دفع,0.02950068746063146
31,31_بحش_غاز_دفع_جندي,جندي,0.02739936427752299
31,31_بحش_غاز_دفع_جندي,استيطان,0.026871543175942977
31,31_بحش_غاز_دفع_جندي,قنبل,0.02641625783304873
31,31_بحش_غاز_دفع_جندي,اشتي,0.026085909895234724
31,31_بحش_غاز_دفع_جندي,ضرب,0.02596293793031628
31,31_بحش_غاز_دفع_جندي,غطى,0.02585865434646603
31,31_بحش_غاز_دفع_جندي,نعم,0.02388051563110782
32,32_صفح_فايسبوك_حساب_إدار,صفح,0.05386330329264719
32,32_صفح_فايسبوك_حساب_إدار,فايسبوك,0.05100010381227663
32,32_صفح_فايسبوك_حساب_إدار,حساب,0.04963074923536488
32,32_صفح_فايسبوك_حساب_إدار,إدار,0.04407280259543266
32,32_صفح_فايسبوك_حساب_إدار,نشر,0.03747265359894589
32,32_صفح_فايسبوك_حساب_إدار,أغلق,0.03505745751927158
32,32_صفح_فايسبوك_حساب_إدار,إغلاق,0.03423545073115618
32,32_صفح_فايسبوك_حساب_إدار,معيار,0.030340154099454997
32,32_صفح_فايسبوك_حساب_إدار,صفحة,0.02444091381145277
32,32_صفح_فايسبوك_حساب_إدار,حج,0.023404086993571858
33,33_مراسل_مستوطن_بحش_قديم,مراسل,0.03287825040568618
33,33_مراسل_مستوطن_بحش_قديم,مستوطن,0.03144048667523557
33,33_مراسل_مستوطن_بحش_قديم,بحش,0.03016511259523478
33,33_مراسل_مستوطن_بحش_قديم,قديم,0.028681438643029855
33,33_مراسل_مستوطن_بحش_قديم,غطى,0.028049024703038834
33,33_مراسل_مستوطن_بحش_قديم,اشتي,0.02752112606741579
33,33_مراسل_مستوطن_بحش_قديم,عبد,0.02739091899296483
33,33_مراسل_مستوطن_بحش_قديم,مصور,0.027339031674244396
33,33_مراسل_مستوطن_بحش_قديم,خاروف,0.026668491136013904
33,33_مراسل_مستوطن_بحش_قديم,عصي,0.026668491136013904
34,34_نا_هاتف_ساعي_عسكري,نا,0.03483150481945173
34,34_نا_هاتف_ساعي_عسكري,هاتف,0.02636494288180182
34,34_نا_هاتف_ساعي_عسكري,ساعي,0.024059573503437827
34,34_نا_هاتف_ساعي_عسكري,عسكري,0.021558993186869362
34,34_نا_هاتف_ساعي_عسكري,حاجز,0.021335409717708923
34,34_نا_هاتف_ساعي_عسكري,طاق,0.020760323058457302
34,34_نا_هاتف_ساعي_عسكري,نقال,0.020527454463747437
34,34_نا_هاتف_ساعي_عسكري,جندي,0.02004449911723728
34,34_نا_هاتف_ساعي_عسكري,عند,0.019366244000952385
34,34_نا_هاتف_ساعي_عسكري,وا,0.0189278363968641
35,35_وا_ضرب_هاتفي_جامع,وا,0.03203151509408766
35,35_وا_ضرب_هاتفي_جامع,ضرب,0.02273687282500612
35,35_وا_ضرب_هاتفي_جامع,هاتفي,0.022704184456310356
35,35_وا_ضرب_هاتفي_جامع,جامع,0.019878245566763115
35,35_وا_ضرب_هاتفي_جامع,طلابي,0.01929061214902641
35,35_وا_ضرب_هاتفي_جامع,هم,0.01902354258118703
35,35_وا_ضرب_هاتفي_جامع,شاب,0.01828454168658435
35,35_وا_ضرب_هاتفي_جامع,نا,0.017728340747728
35,35_وا_ضرب_هاتفي_جامع,أمن,0.01731386586101625
35,35_وا_ضرب_هاتفي_جامع,شبيب,0.01593295282952011
36,36_مصور_خيمة_يمنى_شظية,مصور,0.05835784069448533
36,36_مصور_خيمة_يمنى_شظية,خيمة,0.04518589265048723
36,36_مصور_خيمة_يمنى_شظية,يمنى,0.03500031324854299
36,36_مصور_خيمة_يمنى_شظية,شظية,0.034385011219216485
36,36_مصور_خيمة_يمنى_شظية,حر,0.03320748389206272
36,36_مصور_خيمة_يمنى_شظية,محلي,0.028380507220233272
36,36_مصور_خيمة_يمنى_شظية,يد,0.028373564707767043
36,36_مصور_خيمة_يمنى_شظية,اصليح,0.028320684768653303
36,36_مصور_خيمة_يمنى_شظية,خزاع,0.027434328624345042
36,36_مصور_خيمة_يمنى_شظية,أدى,0.027034835808559303
37,37_قصف_غز_عائل_فرد,قصف,0.05174028679795227
37,37_قصف_غز_عائل_فرد,غز,0.04410244556258674
37,37_قصف_غز_عائل_فرد,عائل,0.0394520610814468
37,37_قصف_غز_عائل_فرد,فرد,0.03875059231329854
37,37_قصف_غز_عائل_فرد,إسليم,0.03487730284438205
37,37_قصف_غز_عائل_فرد,صواف,0.034472681523288626
37,37_قصف_غز_عائل_فرد,منزل,0.03381744597752574
37,37_قصف_غز_عائل_فرد,منصور,0.030401390109406862
37,37_قصف_غز_عائل_فرد,صحافي,0.028537727778050494
37,37_قصف_غز_عائل_فرد,قتل,0.02807442640551521
38,38_سوري_ها_حسب_خبر,سوري,0.034454954858434195
38,38_سوري_ها_حسب_خبر,ها,0.019975898863219096
38,38_سوري_ها_حسب_خبر,حسب,0.018855836604612004
38,38_سوري_ها_حسب_خبر,خبر,0.018727534304054275
38,38_سوري_ها_حسب_خبر,نظام,0.017691477626526918
38,38_سوري_ها_حسب_خبر,موقع,0.017309354543510767
38,38_سوري_ها_حسب_خبر,دمشق,0.01715403975277739
38,38_سوري_ها_حسب_خبر,يزبك,0.01714314221560334
38,38_سوري_ها_حسب_خبر,عبر,0.01593943358394331
38,38_سوري_ها_حسب_خبر,نشر,0.015513522536778316
39,39_سوريا_ديموقراطي_عمل_رق,سوريا,0.06308990415787573
39,39_سوريا_ديموقراطي_عمل_رق,ديموقراطي,0.06122382821821753
39,39_سوريا_ديموقراطي_عمل_رق,عمل,0.05284082399443368
39,39_سوريا_ديموقراطي_عمل_رق,رق,0.04606580822506019
39,39_سوريا_ديموقراطي_عمل_رق,اعتقال,0.043512636700223185
39,39_سوريا_ديموقراطي_عمل_رق,محتجز,0.041983282601272646
39,39_سوريا_ديموقراطي_عمل_رق,ات,0.041881366397031765
39,39_سوريا_ديموقراطي_عمل_رق,قو,0.029299325320750108
39,39_سوريا_ديموقراطي_عمل_رق,مذكر,0.028659350220968913
39,39_سوريا_ديموقراطي_عمل_رق,هم,0.027523799848261997
40,40_شرك_موقع_حسك_وسيط,شرك,0.04311469988100263
40,40_شرك_موقع_حسك_وسيط,موقع,0.0405180170913326
40,40_شرك_موقع_حسك_وسيط,حسك,0.03322162130376377
40,40_شرك_موقع_حسك_وسيط,وسيط,0.032049257223669254
40,40_شرك_موقع_حسك_وسيط,إلكتروني,0.029646923610032953
40,40_شرك_موقع_حسك_وسيط,رسال,0.028823633441896555
40,40_شرك_موقع_حسك_وسيط,أسايش,0.02857897500912669
40,40_شرك_موقع_حسك_وسيط,فريق,0.02580690236105041
40,40_شرك_موقع_حسك_وسيط,ثلاثاء,0.02341619770461012
40,40_شرك_موقع_حسك_وسيط,رووداو,0.022412683655562666
41,41_قو_خطيب_دفع_مستوطن,قو,0.03278776508945087
41,41_قو_خطيب_دفع_مستوطن,خطيب,0.03217777792393469
41,41_قو_خطيب_دفع_مستوطن,دفع,0.030729917589928938
41,41_قو_خطيب_دفع_مستوطن,مستوطن,0.029662943934867503
41,41_قو_خطيب_دفع_مستوطن,مصور,0.02713604051586689
41,41_قو_خطيب_دفع_مستوطن,غطى,0.02562754341577091
41,41_قو_خطيب_دفع_مستوطن,منع,0.024095563080528716
41,41_قو_خطيب_دفع_مستوطن,شرط,0.023800306260052456
41,41_قو_خطيب_دفع_مستوطن,تصوير,0.02350937219936659
41,41_قو_خطيب_دفع_مستوطن,زميل,0.02281492948545816
42,42_ناشط_زين_إعلامي_نزار,ناشط,0.05749833262544728
42,42_ناشط_زين_إعلامي_نزار,زين,0.036448328689792205
42,42_ناشط_زين_إعلامي_نزار,إعلامي,0.0347824641035615
42,42_ناشط_زين_إعلامي_نزار,نزار,0.034743466835526815
42,42_ناشط_زين_إعلامي_نزار,مالك,0.033058832389292046
42,42_ناشط_زين_إعلامي_نزار,ريف,0.03011801387347853
42,42_ناشط_زين_إعلامي_نزار,همام,0.03007988478032227
42,42_ناشط_زين_إعلامي_نزار,هم,0.028936442905559905
42,42_ناشط_زين_إعلامي_نزار,عنصر,0.028187621112189545
42,42_ناشط_زين_إعلامي_نزار,عبيد,0.0272432806017953
43,43_لطيف_حر_صحافي_دان,لطيف,0.06408873684510961
43,43_لطيف_حر_صحافي_دان,حر,0.0394792092943808
43,43_لطيف_حر_صحافي_دان,صحافي,0.03838581560991339
43,43_لطيف_حر_صحافي_دان,دان,0.03795667028943169
43,43_لطيف_حر_صحافي_دان,شمسي,0.037674927847809625
43,43_لطيف_حر_صحافي_دان,جمجوم,0.03740520937055343
43,43_لطيف_حر_صحافي_دان,بيبرس,0.036898031971717336
43,43_لطيف_حر_صحافي_دان,عزت,0.036898031971717336
43,43_لطيف_حر_صحافي_دان,جويحان,0.035601856013392885
43,43_لطيف_حر_صحافي_دان,عليان,0.03558295431460118
44,44_إذاع_يغمور_خلاف_مالك,إذاع,0.10887927378607155
44,44_إذاع_يغمور_خلاف_مالك,يغمور,0.07265685353556701
44,44_إذاع_يغمور_خلاف_مالك,خلاف,0.06664100401713174
44,44_إذاع_يغمور_خلاف_مالك,مالك,0.05842928999070522
44,44_إذاع_يغمور_خلاف_مالك,تصفي,0.05588861307383584
44,44_إذاع_يغمور_خلاف_مالك,شريك,0.05355031677790214
44,44_إذاع_يغمور_خلاف_مالك,عيد,0.04746300138801219
44,44_إذاع_يغمور_خلاف_مالك,فرح,0.038182263342490384
44,44_إذاع_يغمور_خلاف_مالك,ها,0.03817647400568237
44,44_إذاع_يغمور_خلاف_مالك,قرار,0.037198411892159805
45,45_عنصر_إعلامي_إدلب_شام,عنصر,0.03896471869094561
45,45_عنصر_إعلامي_إدلب_شام,إعلامي,0.03518121739600936
45,45_عنصر_إعلامي_إدلب_شام,إدلب,0.028510040086850614
45,45_عنصر_إعلامي_إدلب_شام,شام,0.02835706708015326
45,45_عنصر_إعلامي_إدلب_شام,ياسودا,0.02428099797960626
45,45_عنصر_إعلامي_إدلب_شام,فيلق,0.02418871352996991
45,45_عنصر_إعلامي_إدلب_شام,ياباني,0.021310941423499916
45,45_عنصر_إعلامي_إدلب_شام,عنببلدي,0.019659000990473956
45,45_عنصر_إعلامي_إدلب_شام,ريف,0.019185791260810207
45,45_عنصر_إعلامي_إدلب_شام,حلب,0.018824129951729367
46,46_مزرع_أرض_محمد_نا,مزرع,0.03961146239296958
46,46_مزرع_أرض_محمد_نا,أرض,0.033603456331920176
46,46_مزرع_أرض_محمد_نا,محمد,0.029688198933220902
46,46_مزرع_أرض_محمد_نا,نا,0.029324489283665912
46,46_مزرع_أرض_محمد_نا,غربي,0.0290499464013594
46,46_مزرع_أرض_محمد_نا,بركات,0.02839739362798031
46,46_مزرع_أرض_محمد_نا,رام,0.02719572281030338
46,46_مزرع_أرض_محمد_نا,مغلق,0.026404122801073727
46,46_مزرع_أرض_محمد_نا,مصور,0.026374492860721046
46,46_مزرع_أرض_محمد_نا,قري,0.026330635625142717
47,47_ين_يوم_ال_درزي,ين,0.016381261572564323
47,47_ين_يوم_ال_درزي,يوم,0.015747073730802478
47,47_ين_يوم_ال_درزي,ال,0.015118336033666059
47,47_ين_يوم_ال_درزي,درزي,0.013620014115680052
47,47_ين_يوم_ال_درزي,تصوير,0.013526109434879531
47,47_ين_يوم_ال_درزي,منع,0.013285733572272718
47,47_ين_يوم_ال_درزي,ضرب,0.013193612962126249
47,47_ين_يوم_ال_درزي,شاب,0.013058512720892384
47,47_ين_يوم_ال_درزي,مسن,0.012552551709991686
47,47_ين_يوم_ال_درزي,سونيل,0.012505894247091516
48,48_قواسمي_هشلمون_وزوز_ركل,قواسمي,0.04422410918614142
48,48_قواسمي_هشلمون_وزوز_ركل,هشلمون,0.042735863962456024
48,48_قواسمي_هشلمون_وزوز_ركل,وزوز,0.04254439044442661
48,48_قواسمي_هشلمون_وزوز_ركل,ركل,0.036995068347833865
48,48_قواسمي_هشلمون_وزوز_ركل,جراد,0.03543828765407896
48,48_قواسمي_هشلمون_وزوز_ركل,دفع,0.033571872709689504
48,48_قواسمي_هشلمون_وزوز_ركل,مأمون,0.03262452610697991
48,48_قواسمي_هشلمون_وزوز_ركل,مصور,0.03149847949766752
48,48_قواسمي_هشلمون_وزوز_ركل,ترقوميا,0.02959831612831026
48,48_قواسمي_هشلمون_وزوز_ركل,مواجه,0.029118199406364235
49,49_حوارة_شادي_شمس_نا,حوارة,0.04489415466786081
49,49_حوارة_شادي_شمس_نا,شادي,0.03643707831623991
49,49_حوارة_شادي_شمس_نا,شمس,0.03181113422345343
49,49_حوارة_شادي_شمس_نا,نا,0.031374217987220045
49,49_حوارة_شادي_شمس_نا,بنون,0.03133148423773484
49,49_حوارة_شادي_شمس_نا,جندي,0.029081369036537276
49,49_حوارة_شادي_شمس_نا,مستوطن,0.027681668004387042
49,49_حوارة_شادي_شمس_نا,مكان,0.02755858252438669
49,49_حوارة_شادي_شمس_نا,نار,0.026794834835459275
49,49_حوارة_شادي_شمس_نا,دير,0.025750432012954745
50,50_تقييد_حساب_شهيد_حظر,تقييد,0.07026566195926427
50,50_تقييد_حساب_شهيد_حظر,حساب,0.06551937784929376
50,50_تقييد_حساب_شهيد_حظر,شهيد,0.04813784671263885
50,50_تقييد_حساب_شهيد_حظر,حظر,0.03820596137315808
50,50_تقييد_حساب_شهيد_حظر,نابلسي,0.03556364981032377
50,50_تقييد_حساب_شهيد_حظر,نشر,0.035269585159605696
50,50_تقييد_حساب_شهيد_حظر,فايسبوك,0.031419319493893136
50,50_تقييد_حساب_شهيد_حظر,إبراهيم,0.029731253787172292
50,50_تقييد_حساب_شهيد_حظر,ثابت,0.026517716124100626
50,50_تقييد_حساب_شهيد_حظر,قيد,0.025668370904664492
51,51_عنتر_درويش_سكني_عابد,عنتر,0.03677171163978304
51,51_عنتر_درويش_سكني_عابد,درويش,0.031434793022019875
51,51_عنتر_درويش_سكني_عابد,سكني,0.031410133686912145
51,51_عنتر_درويش_سكني_عابد,عابد,0.029920253389078014
51,51_عنتر_درويش_سكني_عابد,غار,0.026444949063851864
51,51_عنتر_درويش_سكني_عابد,نصاب,0.025698739458182688
51,51_عنتر_درويش_سكني_عابد,تحتي,0.02507044435077334
51,51_عنتر_درويش_سكني_عابد,استكمال,0.024595997881142497
51,51_عنتر_درويش_سكني_عابد,قنبلة,0.0242980389422265
51,51_عنتر_درويش_سكني_عابد,شارع,0.023829152703670628
52,52_نا_مكان_كامرا_بدأ,نا,0.05163836809879067
52,52_نا_مكان_كامرا_بدأ,مكان,0.02345388769925731
52,52_نا_مكان_كامرا_بدأ,كامرا,0.02278203648759817
52,52_نا_مكان_كامرا_بدأ,بدأ,0.019237432606311885
52,52_نا_مكان_كامرا_بدأ,تركي,0.01711554122252229
52,52_نا_مكان_كامرا_بدأ,عند,0.017076267030444844
52,52_نا_مكان_كامرا_بدأ,ناقور,0.016745709470382196
52,52_نا_مكان_كامرا_بدأ,سيار,0.016295994587889856
52,52_نا_مكان_كامرا_بدأ,جاسوس,0.016083636161734492
52,52_نا_مكان_كامرا_بدأ,وا,0.01580885404327549
53,53_غاز_أصاب_رقب_نقلي,غاز,0.025963653524815715
53,53_غاز_أصاب_رقب_نقلي,أصاب,0.023511985678178263
53,53_غاز_أصاب_رقب_نقلي,رقب,0.022447537488675742
53,53_غاز_أصاب_رقب_نقلي,نقلي,0.021703514762983354
53,53_غاز_أصاب_رقب_نقلي,مستشفى,0.02068754743077846
53,53_غاز_أصاب_رقب_نقلي,رصاص,0.019600178443822378
53,53_غاز_أصاب_رقب_نقلي,قنبلة,0.01946527981559581
53,53_غاز_أصاب_رقب_نقلي,إصاب,0.01931770758245189
53,53_غاز_أصاب_رقب_نقلي,غطى,0.01718393578928247
53,53_غاز_أصاب_رقب_نقلي,غمي,0.01668882603992125
54,54_شرط_فعالي_ثقافي_ندو,شرط,0.039886224468259374
54,54_شرط_فعالي_ثقافي_ندو,فعالي,0.03444371228058465
54,54_شرط_فعالي_ثقافي_ندو,ثقافي,0.02652480825368126
54,54_شرط_فعالي_ثقافي_ندو,ندو,0.02592554487178513
54,54_شرط_فعالي_ثقافي_ندو,قدس,0.025460388628015095
54,54_شرط_فعالي_ثقافي_ندو,منع,0.023682111678907512
54,54_شرط_فعالي_ثقافي_ندو,حج,0.0232595748421855
54,54_شرط_فعالي_ثقافي_ندو,مقدس,0.022744300172698004
54,54_شرط_فعالي_ثقافي_ندو,ممول,0.02011752822569474
54,54_شرط_فعالي_ثقافي_ندو,مركز,0.019236146782995095
55,55_غفير_قمر_هنداوي_إذاع,غفير,0.04654075432302645
55,55_غفير_قمر_هنداوي_إذاع,قمر,0.04609309370204099
55,55_غفير_قمر_هنداوي_إذاع,هنداوي,0.04453319789739006
55,55_غفير_قمر_هنداوي_إذاع,إذاع,0.043014697066655144
55,55_غفير_قمر_هنداوي_إذاع,قرار,0.04133220581544082
55,55_غفير_قمر_هنداوي_إذاع,حداد,0.03859519743751493
55,55_غفير_قمر_هنداوي_إذاع,مقر,0.03820998505912756
55,55_غفير_قمر_هنداوي_إذاع,تحقيق,0.03448691990195286
55,55_غفير_قمر_هنداوي_إذاع,إغلاق,0.033210672580948515
55,55_غفير_قمر_هنداوي_إذاع,منع,0.03136200732817099
56,56_فرانس_قنا_ها_معادي,فرانس,0.03878392788707817
56,56_فرانس_قنا_ها_معادي,قنا,0.037708295613349645
56,56_فرانس_قنا_ها_معادي,ها,0.025575926129809138
56,56_فرانس_قنا_ها_معادي,معادي,0.024638002598404752
56,56_فرانس_قنا_ها_معادي,نشر,0.02331693099492583
56,56_فرانس_قنا_ها_معادي,ما,0.022386283699757585
56,56_فرانس_قنا_ها_معادي,بيان,0.021801486866851537
56,56_فرانس_قنا_ها_معادي,ات,0.021601967931100592
56,56_فرانس_قنا_ها_معادي,سامي,0.020369719247227983
56,56_فرانس_قنا_ها_معادي,لغ,0.019961577894707948
57,57_حيفا_باش_عدوان_شرط,حيفا,0.09524386313055432
57,57_حيفا_باش_عدوان_شرط,باش,0.08548798600773719
57,57_حيفا_باش_عدوان_شرط,عدوان,0.06403058993275201
57,57_حيفا_باش_عدوان_شرط,شرط,0.05808661797562201
57,57_حيفا_باش_عدوان_شرط,رشاد,0.0554046611233889
57,57_حيفا_باش_عدوان_شرط,جرمق,0.04756834645045603
57,57_حيفا_باش_عدوان_شرط,غطى,0.04713622261013889
57,57_حيفا_باش_عدوان_شرط,كارين,0.045949648212192544
57,57_حيفا_باش_عدوان_شرط,عمر,0.042287120440827976
57,57_حيفا_باش_عدوان_شرط,تظاهر,0.04111157132038108
58,58_بلد_دخان_قنبلة_استهدف,بلد,0.04418029866863516
58,58_بلد_دخان_قنبلة_استهدف,دخان,0.04137940081190477
58,58_بلد_دخان_قنبلة_استهدف,قنبلة,0.04127962093289797
58,58_بلد_دخان_قنبلة_استهدف,استهدف,0.03759358132855979
58,58_بلد_دخان_قنبلة_استهدف,طبنج,0.0352039198191117
58,58_بلد_دخان_قنبلة_استهدف,غطى,0.03376209032102898
58,58_بلد_دخان_قنبلة_استهدف,شبك,0.033102783858223996
58,58_بلد_دخان_قنبلة_استهدف,بيت,0.03045650331323948
58,58_بلد_دخان_قنبلة_استهدف,مكان,0.03042341583953163
58,58_بلد_دخان_قنبلة_استهدف,نظم,0.030318487165186293
59,59_مواسي_حدودي_يارون_قنا,مواسي,0.08977305233514707
59,59_مواسي_حدودي_يارون_قنا,حدودي,0.06933099882025627
59,59_مواسي_حدودي_يارون_قنا,يارون,0.06493820370876593
59,59_مواسي_حدودي_يارون_قنا,قنا,0.05492382265660499
59,59_مواسي_حدودي_يارون_قنا,طفيف,0.0537892707349355
59,59_مواسي_حدودي_يارون_قنا,إصاب,0.041221568839159194
59,59_مواسي_حدودي_يارون_قنا,استهدف,0.04109653751383386
59,59_مواسي_حدودي_يارون_قنا,قنبلة,0.0394852858251039
59,59_مواسي_حدودي_يارون_قنا,عقيل,0.032011876727716986
59,59_مواسي_حدودي_يارون_قنا,ناهد,0.03159451130028967
60,60_جدار_نا_سرور_سيار,جدار,0.038584813604711596
60,60_جدار_نا_سرور_سيار,نا,0.028969432176213714
60,60_جدار_نا_سرور_سيار,سرور,0.028961925163325512
60,60_جدار_نا_سرور_سيار,سيار,0.02886051293115719
60,60_جدار_نا_سرور_سيار,جندي,0.02860679754095185
60,60_جدار_نا_سرور_سيار,هما,0.025414740214016355
60,60_جدار_نا_سرور_سيار,رغب,0.02479293849128849
60,60_جدار_نا_سرور_سيار,مركب,0.024637743022643092
60,60_جدار_نا_سرور_سيار,رسم,0.023810216558168194
60,60_جدار_نا_سرور_سيار,جيب,0.023358370438581917
61,61_قدوح_مكافح_معلوماتي_عميل,قدوح,0.053623941404332374
61,61_قدوح_مكافح_معلوماتي_عميل,مكافح,0.03400771161141809
61,61_قدوح_مكافح_معلوماتي_عميل,معلوماتي,0.03394443690560169
61,61_قدوح_مكافح_معلوماتي_عميل,عميل,0.03295847618778603
61,61_قدوح_مكافح_معلوماتي_عميل,نا,0.030269064633400657
61,61_قدوح_مكافح_معلوماتي_عميل,جريمة,0.029024244729305544
61,61_قدوح_مكافح_معلوماتي_عميل,مكتب,0.026163326482953483
61,61_قدوح_مكافح_معلوماتي_عميل,شكوى,0.02429234663312319
61,61_قدوح_مكافح_معلوماتي_عميل,نبطي,0.02413967112327448
61,61_قدوح_مكافح_معلوماتي_عميل,إثن,0.02407302806329316
